Angle (degrees),Voltage (V)
0.011,0.20146520146520147,0.19743589743589743,0.20065934065934063,0.19743589743589743,0.19904761904761903,2.498955500079319
4.999,0.19743589743589743,0.1942124542124542,0.1942124542124542,0.19018315018315018,0.19260073260073257,2.4998164999997243
10.009,0.1934065934065934,0.18937728937728937,0.19018315018315018,0.1942124542124542,0.19018315018315018,2.499354299972765
14.991,0.1845421245421245,0.19018315018315018,0.18615384615384614,0.18695970695970693,0.18373626373626373,2.5003987000091
20.006,0.18373626373626373,0.1797069597069597,0.1797069597069597,0.18212454212454213,0.1805128205128205,2.499499300029129
24.994,0.1845421245421245,0.17809523809523808,0.1772893772893773,0.18615384615384614,0.17567765567765567,2.4988428000360727
30.009,0.17890109890109887,0.1772893772893773,0.17890109890109887,0.18373626373626373,0.1797069597069597,2.4991557000903413
34.991,0.17567765567765567,0.1797069597069597,0.17890109890109887,0.17487179487179486,0.1805128205128205,2.4996620999881998
39.99,0.17487179487179486,0.17567765567765567,0.17809523809523808,0.1772893772893773,0.17487179487179486,2.4994836000259966
44.995,0.17567765567765567,0.17890109890109887,0.1797069597069597,0.17890109890109887,0.1797069597069597,2.4990845000138506
49.988,0.17809523809523808,0.1805128205128205,0.17890109890109887,0.1829304029304029,0.17567765567765567,2.4982934000436217
55.014,0.17890109890109887,0.1813186813186813,0.1805128205128205,0.18373626373626373,0.1829304029304029,2.499806800042279
60.007,0.19018315018315018,0.18776556776556777,0.18534798534798536,0.18212454212454213,0.18534798534798536,2.5008204000769183
65.001,0.18937728937728937,0.18857142857142856,0.1934065934065934,0.18857142857142856,0.18695970695970693,2.499568499973975
69.994,0.19824175824175824,0.19824175824175824,0.19501831501831499,0.19098901098901097,0.19824175824175824,2.4994087999220937
75.009,0.20065934065934063,0.20388278388278389,0.20388278388278389,0.19824175824175824,0.20227106227106226,2.5010306000476703
80.002,0.20227106227106226,0.20952380952380953,0.2063003663003663,0.20388278388278389,0.20468864468864467,2.5001255000242963
85.001,0.21194139194139194,0.21516483516483514,0.21355311355311354,0.21274725274725273,0.2079120879120879,2.4998360000317916
90.011,0.21274725274725273,0.21597069597069596,0.21597069597069596,0.21274725274725273,0.21677655677655677,2.500449800048955
94.999,0.2175824175824176,0.2208058608058608,0.2208058608058608,0.2208058608058608,0.2216117216117216,2.4994040000019595
100.003,0.22241758241758242,0.22402930402930402,0.22725274725274722,0.22483516483516483,0.22644688644688643,2.5000347000313923
104.985,0.22886446886446885,0.23047619047619047,0.22967032967032966,0.22402930402930402,0.23208791208791207,2.4997653999598697
109.99,0.22967032967032966,0.23128205128205126,0.23208791208791207,0.2328937728937729,0.22967032967032966,2.4991843999596313
114.999,0.23611721611721612,0.23208791208791207,0.2353113553113553,0.23772893772893772,0.2369230769230769,2.4996195998974144
119.998,0.2345054945054945,0.2336996336996337,0.2353113553113553,0.23611721611721612,0.23772893772893772,2.4990795999765396
124.997,0.24095238095238095,0.2369230769230769,0.2336996336996337,0.2345054945054945,0.2353113553113553,2.5004381000762805
130.001,0.23853479853479853,0.2336996336996337,0.2369230769230769,0.24175824175824176,0.23208791208791207,2.4993957999395207
135.0,0.2345054945054945,0.2353113553113553,0.23611721611721612,0.22886446886446885,0.2336996336996337,2.500602599931881
140.004,0.22886446886446885,0.2345054945054945,0.22967032967032966,0.23208791208791207,0.2345054945054945,2.500258699990809
144.998,0.22967032967032966,0.23208791208791207,0.23047619047619047,0.22886446886446885,0.22886446886446885,2.500810099998489
149.996,0.22725274725274722,0.22564102564102564,0.22725274725274722,0.22967032967032966,0.22564102564102564,2.4991466999053955
155.001,0.22,0.22402930402930402,0.22402930402930402,0.22644688644688643,0.21919413919413916,2.4997917999280617
160.005,0.22,0.21597069597069596,0.21919413919413916,0.2175824175824176,0.21838827838827837,2.5000348999165
165.009,0.21435897435897436,0.21516483516483514,0.21032967032967032,0.2175824175824176,0.21516483516483514,2.498698399984278
169.991,0.21435897435897436,0.2111355311355311,0.2111355311355311,0.20952380952380953,0.21032967032967032,2.4988022999605164
174.996,0.2063003663003663,0.19985347985347984,0.2071062271062271,0.20307692307692304,0.20146520146520147,2.4999043999705464
180.005,0.20065934065934063,0.19743589743589743,0.19824175824175824,0.19582417582417583,0.19904761904761903,2.4988360001007095
185.004,0.1942124542124542,0.1942124542124542,0.19179487179487179,0.19663003663003661,0.1934065934065934,2.499200699967332
190.009,0.19018315018315018,0.18857142857142856,0.18534798534798536,0.1934065934065934,0.19743589743589743,2.498991600004956
195.002,0.18695970695970693,0.18373626373626373,0.18615384615384614,0.19098901098901097,0.1845421245421245,2.49987149995286
200.001,0.1813186813186813,0.17809523809523808,0.1805128205128205,0.1829304029304029,0.18534798534798536,2.498902100021951
205.01,0.1805128205128205,0.1813186813186813,0.1797069597069597,0.18373626373626373,0.1772893772893773,2.499487599940039
210.004,0.1797069597069597,0.17487179487179486,0.17567765567765567,0.1772893772893773,0.1805128205128205,2.4991953999269754
215.002,0.1805128205128205,0.17809523809523808,0.1772893772893773,0.1813186813186813,0.17890109890109887,2.498814900056459
219.996,0.1797069597069597,0.1829304029304029,0.17326007326007326,0.17567765567765567,0.1772893772893773,2.499155000085011
224.995,0.1805128205128205,0.1813186813186813,0.17567765567765567,0.18212454212454213,0.18212454212454213,2.4993402999825776
229.993,0.1797069597069597,0.1813186813186813,0.1805128205128205,0.1805128205128205,0.1845421245421245,2.4993134000105783
235.009,0.18212454212454213,0.17809523809523808,0.18373626373626373,0.18373626373626373,0.18373626373626373,2.500128399929963
239.991,0.18534798534798536,0.1845421245421245,0.18615384615384614,0.18937728937728937,0.18857142857142856,2.498879999970086
245.001,0.19179487179487179,0.18695970695970693,0.19018315018315018,0.18695970695970693,0.19018315018315018,2.500004900037311
250.01,0.19179487179487179,0.1934065934065934,0.19743589743589743,0.19824175824175824,0.19098901098901097,2.5004522000672296
254.993,0.19904761904761903,0.20065934065934063,0.20227106227106226,0.20227106227106226,0.19904761904761903,2.499913499923423
260.002,0.20468864468864467,0.2063003663003663,0.2079120879120879,0.20227106227106226,0.2071062271062271,2.4992104000411928
265.007,0.2071062271062271,0.2063003663003663,0.2079120879120879,0.21355311355311354,0.2079120879120879,2.499602399999276
269.995,0.21435897435897436,0.21435897435897436,0.21597069597069596,0.21435897435897436,0.21274725274725273,2.499954600003548
274.999,0.2208058608058608,0.21677655677655677,0.21435897435897436,0.2175824175824176,0.21919413919413916,2.500542200054042
280.014,0.2232234432234432,0.22,0.22644688644688643,0.22,0.22402930402930402,2.499639599933289
285.002,0.23128205128205126,0.22644688644688643,0.22886446886446885,0.22725274725274722,0.22805860805860806,2.499057399923913
289.979,0.22725274725274722,0.23047619047619047,0.2353113553113553,0.22886446886446885,0.22725274725274722,2.500857700011693
294.994,0.23772893772893772,0.23208791208791207,0.2353113553113553,0.2328937728937729,0.22886446886446885,2.4995560999959707
299.998,0.23208791208791207,0.23934065934065932,0.2369230769230769,0.2345054945054945,0.23047619047619047,2.5002304000081494
304.997,0.23934065934065932,0.2328937728937729,0.2328937728937729,0.2345054945054945,0.2353113553113553,2.4990444999421015
309.985,0.24014652014652013,0.2328937728937729,0.23611721611721612,0.2336996336996337,0.23853479853479853,2.4993485000450164
315.005,0.2328937728937729,0.23128205128205126,0.23934065934065932,0.23047619047619047,0.23853479853479853,2.4995379999745637
320.004,0.22886446886446885,0.2328937728937729,0.23208791208791207,0.2336996336996337,0.2336996336996337,2.4991016999119893
324.992,0.22805860805860806,0.22805860805860806,0.2328937728937729,0.23208791208791207,0.2353113553113553,2.4993561999872327
330.002,0.2216117216117216,0.22805860805860806,0.22564102564102564,0.22644688644688643,0.22402930402930402,2.498335300013423
334.995,0.2216117216117216,0.21919413919413916,0.22483516483516483,0.22,0.21838827838827837,2.4980521999532357
340.016,0.2175824175824176,0.21597069597069596,0.21838827838827837,0.21597069597069596,0.2216117216117216,2.4988668999867514
344.998,0.21597069597069596,0.21274725274725273,0.21274725274725273,0.21435897435897436,0.21516483516483514,2.4987097999546677
349.997,0.20468864468864467,0.20952380952380953,0.21194139194139194,0.20468864468864467,0.21274725274725273,2.499600199982524
355.007,0.20227106227106226,0.20388278388278389,0.2063003663003663,0.2071062271062271,0.20146520146520147,2.499005199992098
0.011,0.20146520146520147,0.19985347985347984,0.19501831501831499,0.19985347985347984,0.19985347985347984,2.499972900026478
